,playerid,playername,pos
9,AAbduRa00,Rabih Abdullah,
14,AAdamCh00,Charlie Adams,
25,AAgneJa00,Jamal Agnew,
49,AAlleAn01,Anthony Allen,
50,AAlleAr00,Armando Allen,
52,AAlleBr00,Brandon Allen,
99,AAndeDa00,Damien Anderson ,
141,AArchDr00,Dri Archer,
142,AArchMi00,Mike Archie,
147,AArmsRy00,Ryquell Armstead,
152,AArtiCa00,Cameron Artis-Payne,
160,AAskaJo00,Joe Aska,
166,AAtkiGe01,George Atkinson ,
179,AAverJo00,John Avery,
186,BBailJo00,Johnny Bailey,
187,BBakeEd01,Edwin Baker,
188,BBaldRa00,Randy Baldwin,
192,BBallLa00,Lance Ball,
196,BBallMo00,Montee Ball,
200,BBankBr00,Brandon Banks,
201,BBankTa00,Tavian Banks,
210,BBanyJo00,Joe Banyard,
244,BBarnKe00,Kenjon Barner,
250,BBarnMa00,Marlon Barnes,
251,BBasnMi00,Michael Basnight,
252,BBatcBa00,Baron Batch,
267,BBateMi00,Michael Bates,
287,BBeckJo00,John Beck,
296,BBellJo02,Josh Bellamy,
297,BBellKa00,Kahlil Bell,
317,BBellWi20,William Bell,
318,BBendWe00,Wes Bender,
319,BBenjTr00,Travis Benjamin,
324,BBennBr00,Brandon Bennett,
350,BBennSe00,Sean Bennett,
367,BBernRo00,Rod Bernstine,
406,BBibbKa00,Kapri Bibbs,
409,BBickEr00,Erik Bickerstaff,
410,BBienEr00,Eric Bieniemy,
415,BBishMi00,Michael Bishop,
462,BBoldBr00,Brandon Bolden,
479,BBonnRe00,Reggie Bonnafon,
488,BBookLo00,Lorenzo Booker,
492,BBoonMi00,Mike Boone,
503,BBostJa00,James Bostic,
504,BBouiKe20,Kevin Bouie,
505,BBoumTo00,Todd Bouman,
508,BBoweRJ00,R.J. Bowers,
513,BBoykTr00,Trevone Boykin,
514,BBoylTi00,Tim Boyle,
525,BBradAl00,Allen Bradford,
526,BBradFr00,Freddie Bradley,
554,BBranJa00,Jamaal Branch,
555,BBratJa20,Jason Bratton,
584,BBrinCu00,Curtis Brinkley,
595,BBrohJe00,Jeff Brohm,
605,BBrooRe00,Reggie Brooks,
608,BBrooTo01,Tony Brooks-James,
609,BBrouSt00,Steve Broussard,
613,BBrowAa00,Aaron Brown,
620,BBrowBr02,Bryce Brown,
634,BBrowDe01,Derek Brown,
636,BBrowDe02,Dee Brown,
650,BBrowMa02,Mack Brown,
652,BBrowMa03,Malcolm Brown ,
710,BBuckEl00,Eldra Buckley,
720,BBurkRe00,Rex Burkhead ,
730,BBurnJo00,Joe Burns,
733,BBurrHe00,Henry Burris,
753,BButtMa00,Marion Butts,
764,CCadeTr00,Travaris Cadet,
768,CCaldAn00,Andre Caldwell,
771,CCalhBr00,Brian Calhoun,
782,CCampMi02,Michael Campanaro,
788,CCannTr00,Trenton Cannon,
790,CCareKa00,Ka'Deem Carey,
813,CCarsTr01,Tra Carson,
814,CCartDe00,Dexter Carter ,
816,CCartDe01,Delone Carter ,
828,CCartRa00,Ran Carthon,
829,CCartRo01,Rock Cartwright,
835,CCartTi00,Tim Carter ,
844,CCasoAv00,Aveion Cason,
860,CCastTi20,Tim Castille,
884,CChanRo20,Robert Chancey,
887,CChapDo00,Doug Chapman,
901,CChatAn00,Antonio Chatman,
907,CChoiTa00,Tashard Choice,
920,CChriRy20,Ryan Christopherson,
928,CClayJo00,John Clay,
935,CClayTh00,Thomas Clayton,
937,CClemCo00,Corey Clement,
945,CClouMi00,Mike Cloud ,
952,CCobbCe00,Cedric Cobbs,
953,CCobbDa00,David Cobb,
954,CCobbPa00,Patrick Cobbs,
964,CCobbRe00,Reggie Cobb ,
966,CCoboAv00,Avon Cobourne,
967,CCoffGl00,Glen Coffee,
972,CColeDe00,Derrick Coleman,
973,CColeKa00,KaRon Coleman,
1035,CCookJa00,Jameel Cook,
1037,CCoopRa00,Rafael Cooper,
1056,CCoxxMi00,Michael Cox,
1069,CCrocJo00,John Crockett,
1080,CCrooCo00,Corey Croom,
1081,CCrooLa00,Larry Croom,
1090,CCruzRo00,Ronnie Cruz,
1091,CCullDe00,Derrick Cullors,
1103,CCulvRo00,Rodney Culver,
1104,CCunnBe01,Benny Cunningham,
1116,CCurtKe00,Kevin Curtis,
1129,DDallDe00,DeeJay Dallas,
1140,DDaniB.00,B.J. Daniels,
1144,DDantWo00,Woodrow Dantzler,
1145,DDarbKe00,Kenneth Darby,
1155,DDaveNa00,Najeh Davenport ,
1172,DDaviJa03,James Davis,
1174,DDaviKn00,Knile Davis ,
1205,DDawkDa01,Dalyn Dawkins,
1206,DDawsCl00,Clifton Dawson,
1207,DDayeMa00,Matthew Dayes,
1215,DDebeSt00,Steve DeBerg,
1226,DDensAu00,Autry Denson,
1252,DDillAJ00,AJ Dillon,
1263,DDixoAn00,Anthony Dixon,
1269,DDixoDe00,Dennis Dixon,
1270,DDixoKe00,Kenneth Dixon,
1272,DDobbJK00,J.K. Dobbins ,
1273,DDorsDe00,De Dorsey,
1277,DDougHa00,Harry Douglas,
1278,DDowdRi01,Rico Dowdle,
1279,DDownGa00,Gary Downs,
1285,DDrauSh00,Shaun Draughn,
1312,DDrucJi00,Jim Druckenmiller,
1313,DDrumEd00,Eddie Drummond,
1321,DDugaJe00,Jeff Dugan,
1322,DDunbLa00,Lance Dunbar,
1328,DDunbVa00,Vaughn Dunbar,
1351,EEachNa00,Nate Eachus,
1352,EEcheAd00,Adimchinobe Echemandu,
1354,EEckeKy00,Kyle Eckel,
1362,EEdmoBo00,Bobby Joe Edmonds,
1366,EEdmuTr00,Trey Edmunds,
1380,EEdwaTr00,Troy Edwards,
1389,EEliaKe00,Keith Elias,
1398,EElliBr00,Bruce Ellington,
1404,EElliJe00,Jerry Ellison,
1417,EEricCr00,Craig Erickson,
1420,EErviRi00,Ricky Ervins,
1421,EErviTy00,Tyler Ervin ,
1430,EEvanDa02,Darrynton Evans ,
1451,FFarrKe02,Kenneth Farrow,
1452,FFasaRa00,Randy Fasani,
1453,FFasoCi00,Ciatrick Fason,
1503,FFendJa00,James Fenderson ,
1507,FFergJo02,Josh Ferguson,
1516,FFinlRy00,Ryan Finley,
1517,FFinnJi00,Jim Finn,
1518,FFishTo00,Tony Fisher,
1552,FFlemTr00,Troy Fleming,
1561,FFloyCh00,Chris Floyd ,
1576,FFlynMa00,Matt Flynn,
1583,FFoleGl00,Glenn Foley,
1594,FFordKe00,Keith Ford,
1595,FForeDO00,D'Onta Foreman,
1597,FForsBr00,Brock Forsey,
1625,FFostD.01,D.J. Foster ,
1637,FFowlJa00,Jalston Fowler,
1638,FFranJo01,Johnathan Franklin,
1677,FFurrWi00,Will Furrer,
1711,GGantQu00,Quinton Ganther,
1724,GGardCa00,Carwell Gardner,
1764,GGaskKe00,Kendall Gaskins,
1767,GGayxBe00,Ben Gay ,
1791,GGilbGa00,Gale Gilbert,
1792,GGillMi00,Mike Gillislee ,
1797,GGilmBr00,Bryan Gilmore,
1820,GGoodMi00,Mike Goodson,
1829,GGordLe00,Lennox Gordon,
1866,GGrahJa00,Jay Graham,
1875,GGrahRa00,Ray Graham,
1879,GGranCo00,Corey Grant,
1883,GGranJa00,Jakeem Grant,
1890,GGrayCy00,Cyrus Gray,
1893,GGrayJo00,Jonas Gray,
1895,GGrayMa00,MarQueis Gray,
1897,GGrayQu00,Quinn Gray,
1898,GGrazTo00,Tony Graziani,
1921,GGreeAl00,Alex Green,
1934,GGreeJu00,Justin Green,
1935,GGreeMi00,Mike Green ,
1937,GGreeRo00,Robert Green,
1947,GGreeTi00,Tion Green,
1961,GGricMa00,Marion Grice,
1972,GGrieMa00,Marrio Grier,
1974,GGrieWi00,Will Grier,
1985,GGrifQu00,Quentin Griffin,
1993,GGrimJo01,Jonathan Grimes,
2005,GGuicDe00,Derrius Guice,
2012,GGutiMa00,Matt Gutierrez,
2013,HHakiAz00,Az-Zahir Hakim,
2019,HHallAn01,Andre Hall,
2021,HHallCh00,Chad Hall,
2027,HHallTi20,Tim Hall,
2035,HHamiLy20,Lynell Hamilton,
2044,HHaniCa00,Caleb Hanie,
2045,HHansBy00,Byron Hanspard,
2054,HHardMo00,Montario Hardesty,
2059,HHarpJa01,Jamie Harper,
2061,HHarrAr00,Arlen Harris,
2068,HHarrDu01,DuJuan Harris,
2073,HHarrGi00,Gilbert Harris,
2074,HHarrGr00,Graham Harrell,
2087,HHarrJo01,Joey Harris,
2088,HHarrJo04,Josh Harris,
2094,HHartMi00,Mike Hart ,
2096,HHartMy00,Myles Hartsfield,
2124,HHastJa02,Jamycal Hasty,
2132,HHaydAa00,Aaron Hayden,
2135,HHaynJa00,Jarryd Hayne,
2136,HHaynVe00,Verron Haynes,
2151,HHebrVa00,Vaughn Hebron,
2161,HHendDe01,De'Angelo Henderson,
2169,HHenlJu00,June Henley,
2177,HHenrCh01,Chris Henry ,
2183,HHenrLe20,Leonard Henry ,
2193,HHerrDa00,Dan Herron,
2196,HHerrNo00,Noah Herron,
2215,HHickMa00,Maurice Hicks,
2219,HHickMi20,Michael Hicks,
2232,HHillBr02,Brian Hill,
2236,HHillDo00,Dontrell Hilliard,
2247,HHillJo03,Jon Hilliman,
2248,HHillJu00,Justice Hill,
2249,HHillLe00,Lex Hilliard,
2252,HHillMi00,Michael Hill,
2279,HHillWe00,Wes Hills,
2281,HHineNy00,Nyheim Hines,
2292,HHodgJa00,James Hodgins,
2293,HHogaKe00,Kevin Hogan ,
2307,HHollTo00,Tony Hollings,
2323,HHoltJo00,Johnny Holton,
2324,HHomeTr00,Travis Homer,
2340,HHousCe00,Cedric Houston,
2344,HHowaCh00,Chris Howard,
2347,HHowaDe00,Desmond Howard ,
2353,HHoweGr00,Buddy Howell ,
2365,HHuarBr00,Brock Huard,
2370,HHuggKa00,Kareem Huggins,
2371,HHughRo00,Robert Hughes,
2378,HHuntAk01,Akeem Hunt,
2381,HHuntEa00,Earnest Hunter,
2383,HHuntJa01,Jason Huntley,
2388,HHuntKe00,Kendall Hunter,
2395,HHuntTo01,Tony Hunt,
2396,HHurtJa00,Jalen Hurts ,
2408,IIngoAl01,Alec Ingold,
2419,IIoseJo00,Joey Iosefa,
2420,IIrviSe00,Sedrick Irvin,
2443,JJackCh00,Chad Jackson,
2444,JJackDa01,Darius Jackson,
2450,JJackDo01,Don Jackson,
2464,JJackJa01,Jarious Jackson,
2491,JJackTe00,Terry Jackson,
2517,JJameJa00,Javarris James,
2518,JJameLa00,LaMichael James,
2520,JJameMi00,Mike James ,
2526,JJenkRo00,Ronney Jenkins,
2527,JJennCh00,Chris Jennings,
2547,JJohnAu00,Austin Johnson,
2548,JJohnBe00,Bethel Johnson ,
2577,JJohnDE04,D'Ernest Johnson,
2587,JJohnDe02,Dennis Johnson,
2597,JJohnGa01,Gartrell Johnson,
2602,JJohnJa02,James Johnson,
2607,JJohnJe01,Jeremiah Johnson,
2608,JJohnJo05,Josh Johnson,
2625,JJohnLe00,Leon Johnson,
2645,JJohnSt03,Storm Johnson,
2646,JJohnTy02,Ty Johnson,
2648,JJohnTy03,Tyron Johnson,
2653,JJoneCa00,Calvin Jones,
2663,JJoneGe00,George Jones,
2684,JJoneLa02,Landry Jones,
2687,JJoneMa00,Matt Jones,
2696,JJoneTa00,Taiwan Jones,
2722,JJordRa00,Randy Jordan,
2727,JJoseEl00,Elvis Joseph,
2728,JJoseJa00,James Joseph,
2729,JJourYo20,Yonel Jourdain,
2730,JJoycDe00,Delvin Joyce ,
2731,JJustPa00,Paul Justin,
2750,KKariDe00,Deji Karim,
2764,KKeatCu00,Curtis Keaton,
2774,KKeitKe00,Kenton Keith,
2777,KKellJo00,John Kelly,
2778,KKellJo01,Joshua Kelley,
2790,KKincKe00,Keylon Kincade,
2791,KKincTo00,Todd Kinchen,
2819,KKittKu00,Kurt Kittner,
2824,KKlinDa00,David Klingler,
2833,KKosaBe00,Bernie Kosar,
2861,LLairPa00,Patrick Laird,
2866,LLaneEr20,Eric Lane,
2871,LLangJe00,Jeremy Langford,
2875,LLascDa00,Daniel Lasco,
2883,LLeexAm00,Amp Lee ,
2888,LLeexRe00,ReShard Lee ,
2922,LLevyCh00,Chuck Levy,
2944,LLewiJe01,Jeff Lewis,
2971,LLogaSt00,Stefan Logan,
2994,LLumpKr00,Kregg Lumpkin,
3009,LLyncPa00,Paxton Lynch ,
3011,LLynnAn00,Anthony Lynn,
3026,MMaduMo00,Mossis Madu,
3027,MMaheRe00,Reno Mahe,
3034,MMajkDo00,Don Majkowski,
3038,MMallRy00,Ryan Mallett,
3073,MMannSe00,Sean Mannion,
3098,MMarsBy01,Byron Marshall,
3126,MMartTe00,Tee Martin ,
3127,MMasoMa00,Marcus Mason,
3145,MMaucMa00,Matt Mauck,
3149,MMcAfFr00,Fred McAfee,
3161,MMcCaA.00,A.J. McCarron,
3186,MMcCoEr00,Eric McCoo,
3209,MMcCoLu00,Luke McCown,
3214,MMcDoKe01,Kevin McDougal,
3215,MMcElGr00,Greg McElroy,
3218,MMcFaAn00,Anthony McFarland Jr.,
3228,MMcGaWa00,Wane McGarity,
3239,MMcGeSt00,Stephen McGee,
3241,MMcGuEl00,Elijah McGuire ,
3243,MMcInCo00,Corey McIntyre,
3260,MMcKnJo00,Joe McKnight ,
3263,MMcMaJi00,Jim McMahon ,
3296,MMcNiJe00,Jeremy McNichols ,
3299,MMcPhJe00,Jerris McPhail,
3302,MMealRo00,Rondell Mealey,
3309,MMeggDa00,Dave Meggett,
3321,MMichCh00,Christine Michael ,
3328,MMilbGl00,Glyn Milburn,
3330,MMillAn02,Anthony Miller,
3331,MMillBr01,Brit Miller,
3353,MMinoTr00,Travis Minor,
3368,MMitcBa00,Basil Mitchell ,
3369,MMitcBr00,Brian Mitchell ,
3385,MMizzTa00,Taquan Mizzell,
3386,MMoatRy00,Ryan Moats,
3398,MMoonCo00,Collin Mooney,
3426,MMoorRo01,Ronald Moore,
3428,MMoreFr00,Frank Moreau,
3436,MMoreMo00,Moses Moreno,
3437,MMoreVe00,Vernand Morency,
3453,MMorrHa00,Harold Morrow,
3475,MMortCh00,Chad Morton,
3482,MMossBr20,Brent Moss,
3491,MMossZa00,Zack Moss ,
3504,MMungJa00,James Mungro,
3510,MMurpMa03,Marcus Murphy,
3512,MMurpRi00,Richard Murphy,
3536,MMusgBi00,Bill Musgrave,
3538,NNancDi00,Dimitri Nance,
3539,NNashDa00,Damien Nash,
3553,NNewsDe00,Detrez Newsome,
3571,NNorwJe00,Jerious Norwood,
3576,NNullKe00,Keith Null,
3577,NNussDo00,Doug Nussmeier,
3591,OOgunDa00,Dare Ogunbowale,
3598,OOlivWi00,Winslow Oliver,
3600,OOlliQa00,Qadree Ollison,
3601,OOmonXa00,Xavier Omon,
3617,OOwenMo01,Montell Owens,
3625,OOzigDe01,Devine Ozigbo,
3627,PPalkTy00,Tyler Palko,
3642,PPalmDa00,David Palmer,
3645,PParkDe00,De'Mond Parker,
3659,PParmJa00,Jalen Parmele,
3661,PPassPa00,Patrick Pass,
3674,PPaytJa00,Jarrett Payton,
3675,PPeadIs00,Isaiah Pead,
3678,PPearAl00,Alvin Pearman,
3684,PPeerCe00,Cedric Peerman,
3703,PPennEl00,Elijhaa Penny,
3706,PPennRa00,Rashaad Penny,
3708,PPeriLa00,La'Mical Perine ,
3713,PPerkPa00,Paul Perkins ,
3717,PPerrBr01,Bruce Perry ,
3721,PPerrSe00,Senorise Perry ,
3722,PPerrWi00,Wilmont Perry ,
3746,PPeteNa00,Nathan Peterman ,
3748,PPettBr01,Bryce Petty,
3750,PPhilBo20,Bobby Phillips,
3751,PPhilDi00,Dino Philyaw,
3755,PPickCo00,Cody Pickett,
3760,PPinnAn00,Andrew Pinnock,
3762,PPinnAr00,Artose Pinner,
3793,PPolkCh00,Chris Polk,
3801,PPopeP.20,P.J. Pope,
3802,PPopeTr00,Troymaine Pope,
3824,PPoweRi20,Ricky Powers,
3825,PPoweWi00,William Powell,
3842,PProsC.00,C.J. Prosise,
3845,PProsJa00,Jay Prosch,
3852,QQuinJo00,Jonathan Quinn,
3854,QQuinMi00,Mike Quinn,
3855,RRagoDa00,Dave Ragone,
3859,RRainCh00,Chris Rainey,
3872,RRankLo00,Louis Rankin,
3882,RReavDa00,Darrin Reaves,
3883,RReddSi00,Silas Redd,
3904,RReedJo01,Josh Reed,
3905,RReedJo03,Joe Reed,
3908,RReynDa00,Darius Reynaud,
3909,RReynJo00,Josh Reynolds,
3935,RRichDa00,Daryl Richardson ,
3937,RRichJa01,Jalen Richard,
3942,RRichTe21,Terry Richardson ,
3976,RRingJa00,Javon Ringer,
4004,RRobeJa00,Jamal Robertson ,
4011,RRobiGr00,Greg Robinson,
4014,RRobiJo02,Josh Robinson,
4015,RRobiKh00,Khiry Robinson,
4078,RRossCo00,Cory Ross,
4082,RRoysEv00,Evan Royster,
4087,RRussGa00,Gary Russell,
4108,SSainBr00,Brandon Saine,
4118,SSamuJa00,Jaylen Samuels,
4144,SSavaDa20,Dantrell Savage,
4146,SSavaTo00,Tom Savage ,
4165,SSchmOw00,Owen Schmitt,
4166,SScobJo00,Josh Scobey,
4167,SScotBe00,Bernard Scott,
4174,SScotDa01,Da'Rel Scott,
4180,SShawCo00,Connor Shaw,
4181,SShawHa00,Harold Shaw,
4183,SShawSe00,Sedrick Shaw,
4189,SShelEr00,Eric Shelton,
4196,SSherAn00,Anthony Sherman,
4210,SSimmMa00,Matt Simms,
4211,SSimoJo00,John Simon,
4212,SSimpCh00,Chad Simpson,
4214,SSimsCh00,Charles Sims,
4218,SSimsSt00,Steven Sims,
4233,SSmarRo00,Rod Smart,
4250,SSmitAl22,Alfonso Smith,
4262,SSmitAn01,Antone Smith,
4272,SSmitCe00,Cedric Smith,
4273,SSmitCl22,Clifton Smith,
4287,SSmitIt00,Ito Smith,
4310,SSmitMu00,Musa Smith,
4316,SSmitPa00,Paul Smith,
4331,SSmitRo06,Rod Smith,
4350,SSnelBe00,Benny Snell Jr.,
4352,SSnelJa00,Jason Snelling ,
4359,SSorgJi00,Jim Sorgi,
4363,SSoweJe00,Jerald Sowell,
4365,SSpikIr00,Irving Spikes,
4419,SStarJa00,James Starks,
4442,SStepTr00,Tremayne Stephens,
4444,SStewAr00,ArDarius Stewart,
4453,SStewJa20,James Stewart,
4454,SStewJe00,Jeremy Stewart,
4476,SStidJa00,Jarrett Stidham,
4477,SStitSh00,Shyrone Stith,
4478,SStoeCl00,Clint Stoerner,
4495,SSuttTy00,Tyrell Sutton,
4497,SSwifDA00,D'Andre Swift ,
4498,SSwitRy00,Ryan Switzer,
4499,TTahiNa00,Naufahu Tahi,
4500,TTaliLo00,Lorenzo Taliaferro,
4502,TTannPh00,Phillip Tanner,
4535,TTaylCh02,Chris Taylor,
4550,TTaylJJ01,J.J. Taylor,
4552,TTaylSt00,Stepfan Taylor,
4555,TTaylTa00,Taywan Taylor,
4582,TThigMa00,Marcus Thigpen,
4592,TThomBl00,Blair Thomas,
4593,TThomCh03,Chris Thompson,
4599,TThomDa00,David Thompson,
4604,TThomDa06,Darwin Thompson,
4607,TThomDe05,De'Anthony Thomas,
4609,TThomJu01,Juwan Thompson,
4612,TThomLe00,Leroy Thompson,
4637,TThomRo05,Roc Thomas,
4644,TThomTy00,Tyson Thompson,
4651,TTillLe00,Lewis Tillman ,
4652,TTindTi00,Tim Tindale,
4654,TTiptZu01,Zurlon Tipton,
4655,TTodmJo00,Jordan Todman,
4658,TToefLa00,LaBrandon Toefield,
4676,TTolzSc00,Scott Tolzien,
4697,TTostKe00,Keith Toston,
4699,TTousFi00,Fitzgerald Toussaint,
4708,TTuiaMa00,Marques Tuiasosopo,
4710,TTurbRo00,Robert Turbin,
4731,VVanPBr00,Bradlee Van Pelt,
4739,VVaugJo01,Josh Vaughan,
4740,VVaugKe00,Ke'Shawn Vaughn ,
4772,WWalkCo00,Corey Walker,
4773,WWalkDa00,Darius Walker,
4788,WWalsSt00,Steve Walsh,
4792,WWaltMa00,Mark Walton,
4806,WWardTe00,Terron Ward,
4809,WWareDa00,Danny Ware,
4833,WWarrLa00,Lamont Warren,
4844,WWashDa00,Damon Washington,
4845,WWashDe00,DeAndre Washington,
4850,WWashDw00,Dwayne Washington,
4862,WWashNa00,Nate Washington,
4867,WWatsJu00,Justin Watson,
4874,WWatsTe00,Terrell Watson,
4875,WWattDa00,Darius Watts,
4885,WWattTr00,Trey Watts,
4894,WWebbJo00,Joe Webb,
4901,WWeemEr00,Eric Weems,
4905,WWeldCa00,Casey Weldon,
4951,WWhitAl00,Alvis Whitted,
4955,WWhitFo00,Fozzy Whittaker ,
4973,WWhitJo01,Johnny White,
4979,WWhitLo00,Lorenzo White,
4980,WWhitLu00,Lucky Whitehead,
4982,WWhitPa01,Pat White,
4983,WWhitRi00,Ricky Whittle,
4984,WWhytKe00,Kerrith Whyte Jr,
4985,WWildBr01,Brandon Wilds,
4987,WWileMi00,Michael Wiley,
4990,WWilhEr00,Erik Wilhelm,
4991,WWilkJo01,Jordan Wilkins,
4994,WWilkTe00,Terrence Wilkins ,
5006,WWillDa011,David Williams,
5013,WWillDa10,Darrel Williams,
5027,WWillDe07,Dexter Williams,
5032,WWillJa05,Javarris Williams,
5037,WWillJa27,Jamal Willis,
5039,WWillJo07,Jonathan Williams,
5041,WWillKa01,Karlos Williams ,
5045,WWillKe03,Keiland Williams,
5047,WWillKe05,Kerwynn Williams,
5076,WWillRi01,Ricky Williams,
5078,WWillRy00,Ryan Williams,
5079,WWillSh00,Sherman Williams,
5083,WWillSh01,Shaud Williams,
5085,WWillWa02,Walter Williams,
5086,WWilsAl02,Albert Wilson,
5088,WWilsDa01,David Wilson,
5102,WWilsSh01,Shaun Wilson,
5103,WWilsWa00,Wade Wilson,
5107,WWinnGe00,George Winn,
5117,WWolfGa00,Garrett Wolfe,
5120,WWoodDa02,Danny Woodhead,
5132,WWorkVi00,Vince Workman,
5138,WWrigDw01,Dwayne Wright,
5140,WWrigJa01,Jason Wright,
5145,WWuerDa00,Danny Wuerffel,
5148,WWynnDe00,DeShawn Wynn,
5151,WWynnSp00,Spergon Wynn,
5160,YYounAl01,Albert Young,
5187,ZZennZa00,Zach Zenner,
5198,ZZolaSc00,Scott Zolak,
